ID,taskType_ID,sequence,name,description,functionType_code,autoRun,executeCondition,model_ID,outputContextPath,contextType_code,isRAGEnabled,ragClass,ragSource,ragParameter,ragTopK,ragThreshold,ragOutputContextPath,implementationClass,subTaskType_ID
d3023609-97f5-4830-9ecf-bb1d0f120a69,17f0ad88-ae6b-4114-bc4b-e8e15ae0cceb,5,CreateS4Project,Create S/4 HANA RAP Report,C,,,5e256932-15b9-4145-ba49-966216ea9cf6,SubContext:report.oData,string,,,,,,,,,
ac32a636-065a-4bba-9932-7c4aaa769076,17f0ad88-ae6b-4114-bc4b-e8e15ae0cceb,2,ChatGetTable&Fields,Get CDS View & Fields,A,,,5e256932-15b9-4145-ba49-966216ea9cf6,SubContext:report.tableFields,markdown,FALSE,customer.ai2code.service.impl.rag.RAGViewFieldExtractorImpl,,"{{Context:rag.requirement}},{{OData:BotInstances/{{Instance:ID}}/messages}},content",500,0.65,rag.viewfields,,
380546ee-cd3b-4ec5-806a-3af899dbbfc3,17f0ad88-ae6b-4114-bc4b-e8e15ae0cceb,3,GenerateCDS_I,Create Interface View,A,,,5e256932-15b9-4145-ba49-966216ea9cf6,SubContext:report.iView,code,FALSE,,,"{{Context:rag.viewfields}},{{OData:BotInstances/{{Instance:ID}}/messages}},content",100,0.65,,,
13650c32-a4e9-40c5-a38e-e30279d65bac,17f0ad88-ae6b-4114-bc4b-e8e15ae0cceb,4,GenerateCDS_C,Create Projection View,A,,,5e256932-15b9-4145-ba49-966216ea9cf6,SubContext:report.cView,code,FALSE,,,"{{Context:rag.viewfields}},{{OData:BotInstances/{{Instance:ID}}/messages}},content",100,0.65,,,
ff5c1b57-1646-4580-b58d-db3fd36fcb24,17f0ad88-ae6b-4114-bc4b-e8e15ae0cceb,1,1ChatGetRequirement,Get Requirement,A,,,9789e6f9-c9b9-4c08-bba6-1e28af4af69d,SubContext:report.requirement,markdown,FALSE,customer.ai2code.service.impl.rag.RAGCDSViewExtractorImpl,,{{SubContext:description}},1,0.65,rag.requirement,,
8e9dd3cd-5d36-4046-ac89-12654a4ba322,9868c995-72e5-4ae2-9a65-8c9b3cc1ed47,3,GetTableDesign,GetTableDesign,A,FALSE,,2e421e12-b543-4cb4-866d-9dece4c570f2,SubContext:tableDesgin,markdown,FALSE,,,,,,,,
b99f9c5a-33b2-4ad5-b04a-d2e1de6cc23a,9868c995-72e5-4ae2-9a65-8c9b3cc1ed47,4,SplitSubTaskTable,Split requirement as single table,F,FALSE,,2e421e12-b543-4cb4-866d-9dece4c570f2,SubContext:subtasktable,json,FALSE,,,,,,,customer.ai2code.service.impl.execution.CreateTasksBotExecution,e8faa75e-c837-4f36-9193-6f577a88ddc8
546dd0e8-96b7-4b76-b994-2b5f37a2f78b,9868c995-72e5-4ae2-9a65-8c9b3cc1ed47,5,GenerateCDSI,GenerateCDSI,A,FALSE,,2e421e12-b543-4cb4-866d-9dece4c570f2,SubContext:CDSIcode,code,FALSE,,,,,,,,
0092e610-7ea7-44e8-ad2c-bec878b11ac5,9868c995-72e5-4ae2-9a65-8c9b3cc1ed47,6,GenerateCDSC,GenerateCDSC,A,FALSE,,2e421e12-b543-4cb4-866d-9dece4c570f2,SubContext:CDSCcode,code,FALSE,,,,,,,,
ef392d42-5e10-46f2-99f2-567bc14afa7b,9868c995-72e5-4ae2-9a65-8c9b3cc1ed47,7,GenerateBehaviourI,Generate_Behaviour_I,A,FALSE,,2e421e12-b543-4cb4-866d-9dece4c570f2,SubContext:BehaviourInterface,json,FALSE,,,,,,,,
82d4ccae-9213-411d-be6d-8bb2e8dd387c,9868c995-72e5-4ae2-9a65-8c9b3cc1ed47,8,GenerateBehaviourC,Generate_Behaviour_C,A,FALSE,,2e421e12-b543-4cb4-866d-9dece4c570f2,SubContext:BehaviourConsumption,json,FALSE,,,,,,,,
f082883d-a752-4131-8c36-bd69b08c106c,9868c995-72e5-4ae2-9a65-8c9b3cc1ed47,9,GenerateClassBufferDefinition,generate_class_buffer_definition,A,FALSE,,2e421e12-b543-4cb4-866d-9dece4c570f2,SubContext:ClassBufferDefinition,json,FALSE,,,,,,,,
db36bbff-18fe-4887-b366-61c6a83649ad,9868c995-72e5-4ae2-9a65-8c9b3cc1ed47,10,GenerateClassBufferImplementation,Generate_class_buffer_implementation,A,FALSE,,2e421e12-b543-4cb4-866d-9dece4c570f2,SubContext:ClassBufferImplementation,json,FALSE,,,,,,,,
90cf3331-e45d-4f84-b7c8-98eefea91d71,9868c995-72e5-4ae2-9a65-8c9b3cc1ed47,11,GenerateClassBehavPool,Generate_class_behave_pool,A,FALSE,,2e421e12-b543-4cb4-866d-9dece4c570f2,SubContext:ClassBehavPool,json,FALSE,,,,,,,,
0ca9cac9-1f40-4de6-a3a7-7e3b6e742898,9868c995-72e5-4ae2-9a65-8c9b3cc1ed47,2,GetRagData,Get RAG Data,F,FALSE,,2e421e12-b543-4cb4-866d-9dece4c570f2,SubContext:ragViewList,,TRUE,customer.ai2code.service.impl.rag.RAGCDSViewExtractorImpl,,,1,0.65,,customer.ai2code.service.impl.execution.ExtractViewDetailExecution,
478e8e3b-6ec8-4243-81bc-a60989afa598,9868c995-72e5-4ae2-9a65-8c9b3cc1ed47,1,GetRequirement,GetRequirement,A,FALSE,,2e421e12-b543-4cb4-866d-9dece4c570f2,SubContext:requirement,markdown,TRUE,customer.ai2code.service.impl.rag.RAGCDSViewExtractorImpl,,,1,0.65,SubContext:ragViewList,,
d6571a36-397a-4012-a399-d1131b45c712,e8faa75e-c837-4f36-9193-6f577a88ddc8,1,get_ddls_i_design,get_ddls_i_design,A,FALSE,,2e421e12-b543-4cb4-866d-9dece4c570f2,SubContext:ddlsidesign,markdown,FALSE,,,,,,,,
cd52aa66-583c-4aa2-9cc8-32f181486dc8,e8faa75e-c837-4f36-9193-6f577a88ddc8,2,get_ddls_c_design,get_ddls_c_design,A,FALSE,,2e421e12-b543-4cb4-866d-9dece4c570f2,SubContext:ddlscdesign,markdown,FALSE,,,,,,,,
66d25e87-6a16-452d-8205-7fc72a0a40e0,7fdcfbbd-4553-4936-9702-97ecfba2a266,1,GetRagData,Get RAG Data,F,FALSE,,2e421e12-b543-4cb4-866d-9dece4c570f2,SubContext:ragViewList,,TRUE,customer.ai2code.service.impl.rag.RAGCDSViewExtractorImpl,,{{SubContext:description}},1,0.65,,customer.ai2code.service.impl.execution.ExtractViewDetailExecution,
ce0fb2d9-3a6a-453d-816f-d8829d94532a,7fdcfbbd-4553-4936-9702-97ecfba2a266,2,GetViewFields,Get view list and fields list,A,FALSE,,2e421e12-b543-4cb4-866d-9dece4c570f2,SubContext:tableFields,markdown,FALSE,,,,,,,,
857fea03-0866-034d-614b-0acaccec984a,b105869c-26ef-8ec6-584c-e71578454418,2,GetViewFields,Get view list and fields list,A,,,5e256932-15b9-4145-ba49-966216ea9cf6,SubContext:tableFields,MARKDOWN,FALSE,customer.ai2code.service.impl.rag.RAGViewFieldExtractorImpl,,{{SubContext:requirement.rag}},100,0.65,{{SubContext:viewfields.rag}},,
b5235b6d-8417-cdd9-2cbb-390b10dcdb7c,b105869c-26ef-8ec6-584c-e71578454418,3,GenerateCDS_I,Generate inertace view CDS,A,,,5e256932-15b9-4145-ba49-966216ea9cf6,SubContext:iView,code,FALSE,,,,,,,,
46056f98-9882-4e08-80cb-3ca1790b0cc7,b105869c-26ef-8ec6-584c-e71578454418,1,GetRagData,Get RAG Data,F,FALSE,,5e256932-15b9-4145-ba49-966216ea9cf6,SubContext:ragViewList,,TRUE,customer.ai2code.service.impl.rag.RAGCDSViewExtractorImpl,,{{SubContext:requirement}},10,0.65,,customer.ai2code.service.impl.execution.ExtractViewDetailExecution,
a6b72206-c38e-6224-bb2f-7d7e85cc809a,b105869c-26ef-8ec6-584c-e71578454418,4,GenerateCDS_C,Generate consumption view CDS,A,,,5e256932-15b9-4145-ba49-966216ea9cf6,SubContext:cView,code,FALSE,,,,,,,,
feaa3f61-867d-493b-874a-2d0496ad69de,31ebf183-a1db-46c0-a335-d2bfb5d29e23,2,SplitSubTask,Split requirement as single level,F,FALSE,,2e421e12-b543-4cb4-866d-9dece4c570f2,SubContext:subtask,json,FALSE,,,,,,,customer.ai2code.service.impl.execution.CreateTasksBotExecution,7fdcfbbd-4553-4936-9702-97ecfba2a266
6fbd1e39-798d-4809-8ef0-31f499af35c2,31ebf183-a1db-46c0-a335-d2bfb5d29e23,3,GenerateCDS,Generate CDS,A,FALSE,,2e421e12-b543-4cb4-866d-9dece4c570f2,SubContext:CDScode,code,FALSE,,,,,,,,
3d5ae3d7-8046-4399-a981-0cd9a70f007a,31ebf183-a1db-46c0-a335-d2bfb5d29e23,1,ChatGetRequirement,Get Requirement,A,FALSE,,2e421e12-b543-4cb4-866d-9dece4c570f2,SubContext:requirement,markdown,FALSE,,,,,,,,
9d0cbb6d-1e17-485e-ab1e-b681eca15c7a,31ebf183-a1db-46c0-a335-d2bfb5d29e23,4,ActivateCDS,Activate CDS,F,FALSE,,2e421e12-b543-4cb4-866d-9dece4c570f2,,json,FALSE,,,,,,,customer.ai2code.service.impl.execution.CreateCdsOdataBotExecution,
9e50305f-adbe-492d-8b43-6eeffbad3649,1719b53c-1849-4779-babb-d1b1eb0e49e8,2,GetTableDesign,GetTableDesign,A,FALSE,,9789e6f9-c9b9-4c08-bba6-1e28af4af69d,SubContext:tableDesgin,markdown,FALSE,,,,,,,,
7717bce5-1b05-410c-9dbb-2a34eaced5fc,1719b53c-1849-4779-babb-d1b1eb0e49e8,3,SplitSubTaskTable,Split requirement as single table,F,FALSE,,9789e6f9-c9b9-4c08-bba6-1e28af4af69d,SubContext:subtasktable,json,FALSE,,,,,,,customer.ai2code.service.impl.execution.CreateTasksBotExecution,e8faa75e-c837-4f36-9193-6f577a88ddc8
902f55e6-b100-46dd-a5fd-5a480192a2de,1719b53c-1849-4779-babb-d1b1eb0e49e8,4,GenerateCDSI,GenerateCDSI,A,FALSE,,2e421e12-b543-4cb4-866d-9dece4c570f2,SubContext:CDSIcode,code,FALSE,,,,,,,,
8821be39-7730-418a-964e-e8ecc96c59a1,1719b53c-1849-4779-babb-d1b1eb0e49e8,5,GenerateCDSC,GenerateCDSC,A,FALSE,,2e421e12-b543-4cb4-866d-9dece4c570f2,SubContext:CDSCcode,code,FALSE,,,,,,,,
ea34bc7d-51e3-4eb6-a9f2-05b3fd9540bc,1719b53c-1849-4779-babb-d1b1eb0e49e8,6,Generate_save_modify,generate_save_modify,A,FALSE,,2e421e12-b543-4cb4-866d-9dece4c570f2,SubContext:save_modify,code,FALSE,,,,,,,,
2b5d0efd-0fa8-466a-b1e1-1412b1d17d64,1719b53c-1849-4779-babb-d1b1eb0e49e8,1,GetRequirement,GetRequirement,A,FALSE,,9789e6f9-c9b9-4c08-bba6-1e28af4af69d,SubContext:requirement,markdown,TRUE,customer.ai2code.service.impl.rag.RAGCDSViewExtractorImpl,,{{SubContext:description}},1,0.5,SubContext:ragViewList,,
122ac9f4-6955-4c3b-8e14-d129b86d641a,3d337d50-7548-4a74-bc2c-9681870be5c7,5,GenerateCDSI,GenerateCDSI,A,FALSE,,9789e6f9-c9b9-4c08-bba6-1e28af4af69d,SubContext:CDSIcode,code,FALSE,,,,,,,,
d9a863a2-3f5f-4d64-b335-a22626ef3e3c,3d337d50-7548-4a74-bc2c-9681870be5c7,6, GenerateCDSC,GenerateCDSC,A,FALSE,,9789e6f9-c9b9-4c08-bba6-1e28af4af69d,SubContext:CDSCcode,code,FALSE,,,,,,,,
0c92b066-80d5-47fe-9a1b-a54eec76d53e,3d337d50-7548-4a74-bc2c-9681870be5c7,4,SplitSubTaskTable,Split requirement as single table,F,FALSE,,9789e6f9-c9b9-4c08-bba6-1e28af4af69d,SubContext:subtasktable,json,FALSE,,,,,,,customer.ai2code.service.impl.execution.CreateTasksBotExecution,e8faa75e-c837-4f36-9193-6f577a88ddc8
9f00535f-bb6d-4411-8a08-46a25099fdd9,3d337d50-7548-4a74-bc2c-9681870be5c7,3,GetTableDesign,GetTableDesign,A,FALSE,,9789e6f9-c9b9-4c08-bba6-1e28af4af69d,SubContext:tableDesgin,markdown,FALSE,,,,,,,,
6282ab89-24da-47e9-ad63-a1827333e34e,3d337d50-7548-4a74-bc2c-9681870be5c7,1,GetRequirement,GetRequirement,A,FALSE,,9789e6f9-c9b9-4c08-bba6-1e28af4af69d,SubContext:requirement,markdown,FALSE,customer.ai2code.service.impl.rag.RAGCDSViewExtractorImpl,,,1,0.65,SubContext:ragViewList,,
3855b595-4975-4b2e-894c-b71519593114,3d337d50-7548-4a74-bc2c-9681870be5c7,2,GetRagData,Get RAG Data,F,FALSE,,9789e6f9-c9b9-4c08-bba6-1e28af4af69d,SubContext:ragViewList,,TRUE,customer.ai2code.service.impl.rag.RAGCDSViewExtractorImpl,,,10,0.65,SubContext:ragViewList,customer.ai2code.service.impl.execution.ExtractViewDetailExecution,
24d605f4-a129-4781-9171-eddeb5fb2aed,3d337d50-7548-4a74-bc2c-9681870be5c7,9,GenerateClass,generate_class,A,FALSE,,2e421e12-b543-4cb4-866d-9dece4c570f2,SubContext:Class,json,FALSE,,,,,,,,
73355615-8ce4-4d33-b975-ed4dfa0caf5a,3d337d50-7548-4a74-bc2c-9681870be5c7,7,GenerateBehaviorI,Generate_Behavior_I,A,FALSE,,2e421e12-b543-4cb4-866d-9dece4c570f2,SubContext:BehaviourInterface,json,FALSE,,,,,,,,
f59942e9-b098-4d5a-afe8-c7522a2db1c0,3d337d50-7548-4a74-bc2c-9681870be5c7,8,GenerateBehaviorC,Generate_Behavior_C,A,FALSE,,2e421e12-b543-4cb4-866d-9dece4c570f2,SubContext:BehaviourConsumption,json,FALSE,,,,,,,,
e69ed86a-a4a9-bd21-2c8c-927cc28cb731,b492d44d-932c-1acc-7dc8-26bdde4329c2,2,SplitSubTask,Split requirement as single level,F,,,5e256932-15b9-4145-ba49-966216ea9cf6,SubContext:subtask,JSON,,,,,,,,customer.ai2code.service.impl.execution.CreateTasksBotExecution,b105869c-26ef-8ec6-584c-e71578454418
ed04d474-7963-4943-8ff4-f0bae47ef505,b492d44d-932c-1acc-7dc8-26bdde4329c2,4,SplitCDSandUpdateContext,Split CDS code and update context,F,FALSE,,5e256932-15b9-4145-ba49-966216ea9cf6,,json,FALSE,,,,,,,customer.ai2code.service.impl.execution.SplitCDSandUpdateContextExecution,
8399a613-eb2f-e307-d930-920c0a5f8175,b492d44d-932c-1acc-7dc8-26bdde4329c2,1,ChatGetRequirement,Get Requirement,A,,,5e256932-15b9-4145-ba49-966216ea9cf6,SubContext:requirement,code,FALSE,,,,,,,,
c2805174-bf64-ccc0-2191-7b6435a11ce0,b492d44d-932c-1acc-7dc8-26bdde4329c2,5,ActivateCDS,Activate CDS,F,,,5e256932-15b9-4145-ba49-966216ea9cf6,SubContext:DDLSResult,JSON,,,,,,,,customer.ai2code.service.impl.execution.CreateCdsOdataBotExecution,
635d82d3-82b7-4733-560e-f8c7633838ce,b492d44d-932c-1acc-7dc8-26bdde4329c2,3,AddRelationship,Add relationship for each CDS,A,,,5e256932-15b9-4145-ba49-966216ea9cf6,SubContext:allCds,MARKDOWN,FALSE,,, ,,,,,
d30b57d0-31eb-415c-b248-f3296cf5eb8d,cf216b89-076c-44fe-9ce3-de0a96dd3cc7,2,Call OData to active Class,Call OData to active Class,F,FALSE,,2e421e12-b543-4cb4-866d-9dece4c570f2,SubContext:clasResult,json,FALSE,,,,,,,customer.ai2code.service.impl.execution.CreateGenclasseoOdataBotExecution,
432fa2c9-d196-4d1f-af17-df5e65535427,cf216b89-076c-44fe-9ce3-de0a96dd3cc7,1,Generate Class Code,Generate Class Code,A,FALSE,,2e421e12-b543-4cb4-866d-9dece4c570f2,SubContext:clasCode,markdown,FALSE,,,,,,,customer.ai2code.service.impl.execution.CreateGenclasseoOdataBotExecution,
c3fee12f-de12-4661-89e0-30fbdffac699,be33665d-32fe-4f13-a038-2f9df0694422,1,Get project info,"Get project ID, package, transport number",A,FALSE,,2e421e12-b543-4cb4-866d-9dece4c570f2,projectInfo,markdown,FALSE,,,,,,,,
b7ed2722-de73-41a7-bda2-1c92f99ea9f4,be33665d-32fe-4f13-a038-2f9df0694422,2,Get requirement,Get user requirement details,A,FALSE,,2e421e12-b543-4cb4-866d-9dece4c570f2,requirementAll,markdown,FALSE,,,,,,,,
3cef1a47-563d-4cbf-8c46-6640ec0cf937,be33665d-32fe-4f13-a038-2f9df0694422,5,Generate CDS design,Generate CDS design,A,FALSE,,2e421e12-b543-4cb4-866d-9dece4c570f2,ddlsDesign,markdown,FALSE,,,,,,,,
f9c82b4d-147d-4476-8f68-7386b6faa9e0,be33665d-32fe-4f13-a038-2f9df0694422,6,Generate CDS Code,Generate All CDS Code,A,FALSE,,2e421e12-b543-4cb4-866d-9dece4c570f2,ddlsCode,code,FALSE,,,,,,,,
6a1ffc7c-0902-4315-b2aa-bd2b486193d5,be33665d-32fe-4f13-a038-2f9df0694422,7,Call Odata service to active CDS,Call Odata service to active CDS,F,FALSE,,2e421e12-b543-4cb4-866d-9dece4c570f2,ddlsResult,json,FALSE,,,,,,,customer.ai2code.service.impl.execution.CreateCdsOdataBotExecution,
7d453169-cb8a-43f5-8b6d-70874a4392e1,be33665d-32fe-4f13-a038-2f9df0694422,4,Determine about db table,Determine about db table,F,FALSE,,2e421e12-b543-4cb4-866d-9dece4c570f2,subtask4tabl,json,FALSE,,,,,,,customer.ai2code.service.impl.execution.CreateTasksBotExecution,6a0c309b-8bde-4dd4-8386-4ae384accb9c
49df4459-2a08-4dee-ada7-cb34336122df,be33665d-32fe-4f13-a038-2f9df0694422,8,Determine about Behavior,Determine about Behavior,F,FALSE,,2e421e12-b543-4cb4-866d-9dece4c570f2,subtask4bdef,json,FALSE,,,,,,,customer.ai2code.service.impl.execution.CreateTasksBotExecution,d4d92a4c-b0b4-465d-a0c7-90d4347ccee2
f962aa21-6944-4c54-be75-34e64a3e1efd,be33665d-32fe-4f13-a038-2f9df0694422,9,Determine about Class,Determine about implementation Class,F,FALSE,,2e421e12-b543-4cb4-866d-9dece4c570f2,subtask4clas,json,FALSE,,,,,,,customer.ai2code.service.impl.execution.CreateTasksBotExecution,cf216b89-076c-44fe-9ce3-de0a96dd3cc7
4553c0af-d6dd-4dfe-8a61-f2d344bfd847,be33665d-32fe-4f13-a038-2f9df0694422,10,Call Odata to active service,Call Odata to active service,F,FALSE,,2e421e12-b543-4cb4-866d-9dece4c570f2,srvd&srvbResult,code,FALSE,,,,,,,customer.ai2code.service.impl.execution.CreateServiceDefinitionBotExecution,
5d1356c5-7239-439c-a33a-68781ea498ba,be33665d-32fe-4f13-a038-2f9df0694422,3,Get RAG knowledge,Get RAG knowledge according to requirement,F,FALSE,,2e421e12-b543-4cb4-866d-9dece4c570f2,ragViewList,,TRUE,customer.ai2code.service.impl.rag.RAGCDSViewExtractorImpl,,{{SubContext:requirementAll}},10,0.65,,customer.ai2code.service.impl.execution.ExtractViewDetailExecution,
c60eab59-8b63-4218-a9e1-8cd82637c53f,d4d92a4c-b0b4-465d-a0c7-90d4347ccee2,1,Generate Behavior design,Generate Behavior design,A,FALSE,,2e421e12-b543-4cb4-866d-9dece4c570f2,SubContext:bdefDesign,markdown,FALSE,,,,,,,,
ff2ac515-e138-48c5-9c3f-da3be9e714de,d4d92a4c-b0b4-465d-a0c7-90d4347ccee2,2,Convert Behavior design(test),Convert Behavior design(test),A,FALSE,,2e421e12-b543-4cb4-866d-9dece4c570f2,SubContext:JSONBdefDesign,markdown,FALSE,,,,,,,,
57ec215a-bc07-4191-9c68-21a6e9029db0,d4d92a4c-b0b4-465d-a0c7-90d4347ccee2,3,Call Odata to active Behavior (interface),Call Odata to active Behavior (interface),F,FALSE,,2e421e12-b543-4cb4-866d-9dece4c570f2,SubContext:bdefInterfaceResult,json,FALSE,,,,,,,customer.ai2code.service.impl.execution.CreateGenBdefOdataBotExecution,
5560f27f-77a2-43be-b6d0-153f13944210,d4d92a4c-b0b4-465d-a0c7-90d4347ccee2,4,Call Odata to active Behavior (consumption),Call Odata to active Behavior (consumption),F,FALSE,,2e421e12-b543-4cb4-866d-9dece4c570f2,SubContext:bdefConsumptionResult,json,FALSE,,,,,,,customer.ai2code.service.impl.execution.CreateGenBdefOdataBotExecution,
a2d7adfc-6196-4290-8824-b6168ebfa979,43a886dc-32d1-48b2-9bbf-c6c76d4c0954,1,Generate Class Code,Generate Class Code,A,FALSE,,2e421e12-b543-4cb4-866d-9dece4c570f2,SubContext:clasCode,markdown,FALSE,,,,,,,customer.ai2code.service.impl.execution.CreateGenclasseoOdataBotExecution ,
ae1a32a0-fcfc-48e2-b148-9f2561b909a5,43a886dc-32d1-48b2-9bbf-c6c76d4c0954,2,Call OData to active Class,Call OData to active Class,F,FALSE,,2e421e12-b543-4cb4-866d-9dece4c570f2,SubContext:clasResult,json,FALSE,,,,,,,customer.ai2code.service.impl.execution.CreateGenclasseoOdataBotExecution,
fde7b387-4d37-417f-a51b-1c40ab699cf4,6a0c309b-8bde-4dd4-8386-4ae384accb9c,1,Generate table design,Generate table design,A,FALSE,,2e421e12-b543-4cb4-866d-9dece4c570f2,SubContext:tablDesign,markdown,FALSE,,,,,,,,
7c92aeb0-b669-4ce2-aa85-890c18ddd374,6a0c309b-8bde-4dd4-8386-4ae384accb9c,3,Call Odata to active table,Call Odata to active table,F,FALSE,,2e421e12-b543-4cb4-866d-9dece4c570f2,SubContext:tableResult,json,FALSE,,,,,,,customer.ai2code.service.impl.execution.CreateGenTableOdataBotExecution,
08a51d6a-2b62-461e-82ce-d48a93c25a5f,6a0c309b-8bde-4dd4-8386-4ae384accb9c,2,Convert Design to JSON,Convert the table into JSON format,A,FALSE,,2e421e12-b543-4cb4-866d-9dece4c570f2,SubContext:tablDesignJSON,json,FALSE,,,,,,,,
cc3dfb55-e5ee-43b9-95d5-a0461eef48f5,768cadd6-a533-433a-a60d-057efac5ec5c,1,Generate Behavior design,Generate Behavior design,A,FALSE,,2e421e12-b543-4cb4-866d-9dece4c570f2,SubContext:bdefDesign,markdown,FALSE,,,,,,,,
36aca30d-d94a-4163-92c4-0e652acfc3d9,768cadd6-a533-433a-a60d-057efac5ec5c,2,Convert Behavior design(test),Convert Behavior design(test),A,FALSE,,2e421e12-b543-4cb4-866d-9dece4c570f2,SubContext:JSONBdefDesign,markdown,FALSE,,,,,,,,
de62fc8e-6578-44cc-8a15-22e6fbf1dd4e,768cadd6-a533-433a-a60d-057efac5ec5c,3,Call Odata to active Behavior (interface),Call Odata to active Behavior (interface),F,FALSE,,2e421e12-b543-4cb4-866d-9dece4c570f2,SubContext:bdefInterfaceResult,json,FALSE,,,,,,,customer.ai2code.service.impl.execution.CreateGenBdefOdataBotExecution,
660fd56c-d654-4427-8830-3a4f4c8d306f,768cadd6-a533-433a-a60d-057efac5ec5c,4,Call Odata to active Behavior (consumption),Call Odata to active Behavior (consumption),F,FALSE,,2e421e12-b543-4cb4-866d-9dece4c570f2,SubContext:bdefConsumptionResult,json,FALSE,,,,,,,customer.ai2code.service.impl.execution.CreateGenBdefOdataBotExecution,
e79d2d70-7867-4221-b175-1bbecb6e401e,e79d2d70-7867-4221-b175-1bbecb6e401e,1,Get project info,"Get project ID, package, transport number",Standard AI chat interaction (A),FALSE,,2e421e12-b543-4cb4-866d-9dece4c570f2,projectInfo,markdown,FALSE,,,,,,,,
bffc7d74-a887-4f61-a578-473d6c56c13a,e79d2d70-7867-4221-b175-1bbecb6e401e,2,Get requirement,Get user requirement details,Standard AI chat interaction (A),FALSE,,2e421e12-b543-4cb4-866d-9dece4c570f2,requirementAll,markdown,FALSE,,,,,,,,
78560b44-6737-4510-b034-6c50c916e97e,e79d2d70-7867-4221-b175-1bbecb6e401e,5,Generate CDS design,Generate CDS design,Standard AI chat interaction (A),FALSE,,2e421e12-b543-4cb4-866d-9dece4c570f2,ddlsDesign,markdown,FALSE,,,,,,,,
47d9ee81-4f5e-4c3e-8ec9-9da7d343e978,e79d2d70-7867-4221-b175-1bbecb6e401e,4,Determine about db table,Determine about db table,Structured function invocation (F),FALSE,,2e421e12-b543-4cb4-866d-9dece4c570f2,subtask4tabl,json,FALSE,,,,,,,customer.ai2code.service.impl.execution.CreateTasksBotExecution,6a0c309b-8bde-4dd4-8386-4ae384accb9c
70fbf492-684f-47df-a357-59065f36ab74,e79d2d70-7867-4221-b175-1bbecb6e401e,7,Call Odata service to active CDS,Call Odata service to active CDS,Structured function invocation (F),FALSE,,2e421e12-b543-4cb4-866d-9dece4c570f2,ddlsResult,json,FALSE,,,,,,,customer.ai2code.service.impl.execution.CreateCdsOdataBotExecution,
7a4b7ad1-46f1-4d15-969f-f44b3fd8deb1,e79d2d70-7867-4221-b175-1bbecb6e401e,8,Determine about Behavior,Determine about Behavior,Structured function invocation (F),FALSE,,2e421e12-b543-4cb4-866d-9dece4c570f2,subtask4bdef,json,FALSE,,,,,,,customer.ai2code.service.impl.execution.CreateTasksBotExecution,d4d92a4c-b0b4-465d-a0c7-90d4347ccee2
77fa8269-56b5-4a42-a512-22d1dbfa04cf,e79d2d70-7867-4221-b175-1bbecb6e401e,9,Determine about Class,Determine about implementation Class,Structured function invocation (F),FALSE,,2e421e12-b543-4cb4-866d-9dece4c570f2,subtask4clas,json,FALSE,,,,,,,customer.ai2code.service.impl.execution.CreateTasksBotExecution,cf216b89-076c-44fe-9ce3-de0a96dd3cc7
2f131f8d-1ba6-4b00-aad5-9dc14ce5a47c,e79d2d70-7867-4221-b175-1bbecb6e401e,6,Generate CDS Code,Generate All CDS Code,Standard AI chat interaction (A),FALSE,,2e421e12-b543-4cb4-866d-9dece4c570f2,ddlsCode,code,FALSE,,,,,,,,
e43ee0c0-ea7d-46bd-a9d7-da1d12feaac5,e79d2d70-7867-4221-b175-1bbecb6e401e,10,Call Odata to active service,Call Odata to active service,Structured function invocation (F),FALSE,,2e421e12-b543-4cb4-866d-9dece4c570f2,srvd&srvbResult,code,FALSE,,,,,,,customer.ai2code.service.impl.execution.CreateServiceDefinitionBotExecution,
f29dfd00-0de2-4b94-9f28-8ac10af080c8,e79d2d70-7867-4221-b175-1bbecb6e401e,3,Get RAG knowledge,Get RAG knowledge according to requirement,Structured function invocation (F),FALSE,,2e421e12-b543-4cb4-866d-9dece4c570f2,ragViewList,,TRUE,customer.ai2code.service.impl.rag.RAGCDSViewExtractorImpl,,{{SubContext:requirementAll}},10,0.65,,customer.ai2code.service.impl.execution.ExtractViewDetailExecution,
